"","x","y","breaks","vuosikymmen","toimiala"
"1",4882,39709.7742032523,0,8,"Toimialat yhteensä"
"2",62,8004.6,100,8,"Toimialat yhteensä"
"3",NA,NA,200,8,"Toimialat yhteensä"
"4",NA,NA,300,8,"Toimialat yhteensä"
"5",NA,NA,400,8,"Toimialat yhteensä"
"6",NA,NA,500,8,"Toimialat yhteensä"
"7",NA,NA,600,8,"Toimialat yhteensä"
"8",NA,NA,700,8,"Toimialat yhteensä"
"9",NA,NA,800,8,"Toimialat yhteensä"
"10",16381,94532.3855097149,0,2,"Toimialat yhteensä"
"11",248,16559.009139781,50,2,"Toimialat yhteensä"
"12",58,7309.34679575,100,2,"Toimialat yhteensä"
"13",23,4236.36559505,150,2,"Toimialat yhteensä"
"14",6,1091.27102443,200,2,"Toimialat yhteensä"
"15",10,2974.89572749,250,2,"Toimialat yhteensä"
"16",NA,NA,300,2,"Toimialat yhteensä"
"17",NA,NA,350,2,"Toimialat yhteensä"
"18",NA,NA,400,2,"Toimialat yhteensä"
"19",NA,NA,450,2,"Toimialat yhteensä"
"20",NA,NA,500,2,"Toimialat yhteensä"
"21",73804,365911.676118381,0,0,"Toimialat yhteensä"
"22",230,31415,100,0,"Toimialat yhteensä"
"23",62,15056.2,200,0,"Toimialat yhteensä"
"24",17,5398.6,300,0,"Toimialat yhteensä"
"25",10,4790.9,400,0,"Toimialat yhteensä"
"26",NA,NA,500,0,"Toimialat yhteensä"
"27",NA,NA,600,0,"Toimialat yhteensä"
"28",NA,NA,700,0,"Toimialat yhteensä"
"29",NA,NA,800,0,"Toimialat yhteensä"
"30",28968,353861.28613229,0,9,"Toimialat yhteensä"
"31",39,26750.5,500,9,"Toimialat yhteensä"
"32",17,20414,1000,9,"Toimialat yhteensä"
"33",8,13930,1500,9,"Toimialat yhteensä"
"34",NA,NA,2000,9,"Toimialat yhteensä"
"35",NA,NA,2500,9,"Toimialat yhteensä"
"36",NA,NA,3000,9,"Toimialat yhteensä"
"37",114091,789849.103150875,0,1,"Toimialat yhteensä"
"38",73,48714.88122559,500,1,"Toimialat yhteensä"
"39",NA,NA,1000,1,"Toimialat yhteensä"
"40",NA,NA,1500,1,"Toimialat yhteensä"
"41",12,27688.4,2000,1,"Toimialat yhteensä"
"42",9,24133,2500,1,"Toimialat yhteensä"
"43",NA,NA,3000,1,"Toimialat yhteensä"
"44",NA,NA,0,2,"Kansainvälisten organisaatioiden ja toimielinten toiminta"
"45",NA,NA,0.5,2,"Kansainvälisten organisaatioiden ja toimielinten toiminta"
"46",NA,NA,1,2,"Kansainvälisten organisaatioiden ja toimielinten toiminta"
"47",NA,NA,1.5,2,"Kansainvälisten organisaatioiden ja toimielinten toiminta"
"48",NA,NA,2,2,"Kansainvälisten organisaatioiden ja toimielinten toiminta"
"49",NA,NA,2.5,2,"Kansainvälisten organisaatioiden ja toimielinten toiminta"
"50",NA,NA,3,2,"Kansainvälisten organisaatioiden ja toimielinten toiminta"
"51",37,16.9143503087,0,8,"Muu palvelutoiminta"
"52",18,30.1,1,8,"Muu palvelutoiminta"
"53",NA,NA,2,8,"Muu palvelutoiminta"
"54",NA,NA,3,8,"Muu palvelutoiminta"
"55",NA,NA,4,8,"Muu palvelutoiminta"
"56",NA,NA,5,8,"Muu palvelutoiminta"
"57",NA,NA,6,8,"Muu palvelutoiminta"
"58",NA,NA,7,8,"Muu palvelutoiminta"
"59",NA,NA,8,8,"Muu palvelutoiminta"
"60",NA,NA,9,8,"Muu palvelutoiminta"
"61",NA,NA,10,8,"Muu palvelutoiminta"
"62",276,672.07985683,0,2,"Muu palvelutoiminta"
"63",8,117.299527797,10,2,"Muu palvelutoiminta"
"64",NA,NA,20,2,"Muu palvelutoiminta"
"65",NA,NA,30,2,"Muu palvelutoiminta"
"66",NA,NA,40,2,"Muu palvelutoiminta"
"67",NA,NA,50,2,"Muu palvelutoiminta"
"68",NA,NA,60,2,"Muu palvelutoiminta"
"69",NA,NA,70,2,"Muu palvelutoiminta"
"70",NA,NA,80,2,"Muu palvelutoiminta"
"71",1088,1961.7980029466,0,0,"Muu palvelutoiminta"
"72",107,826.1,5,0,"Muu palvelutoiminta"
"73",28,352.8,10,0,"Muu palvelutoiminta"
"74",16,227.1,15,0,"Muu palvelutoiminta"
"75",10,263.3,20,0,"Muu palvelutoiminta"
"76",NA,NA,25,0,"Muu palvelutoiminta"
"77",NA,NA,30,0,"Muu palvelutoiminta"
"78",NA,NA,35,0,"Muu palvelutoiminta"
"79",NA,NA,40,0,"Muu palvelutoiminta"
"80",NA,NA,45,0,"Muu palvelutoiminta"
"81",NA,NA,50,0,"Muu palvelutoiminta"
"82",NA,NA,55,0,"Muu palvelutoiminta"
"83",457,1115.3063055325,0,9,"Muu palvelutoiminta"
"84",8,220.9,20,9,"Muu palvelutoiminta"
"85",7,326,40,9,"Muu palvelutoiminta"
"86",NA,NA,60,9,"Muu palvelutoiminta"
"87",NA,NA,80,9,"Muu palvelutoiminta"
"88",NA,NA,100,9,"Muu palvelutoiminta"
"89",NA,NA,120,9,"Muu palvelutoiminta"
"90",NA,NA,140,9,"Muu palvelutoiminta"
"91",2193,9384.5452568501,0,1,"Muu palvelutoiminta"
"92",20,1404.1,50,1,"Muu palvelutoiminta"
"93",NA,NA,100,1,"Muu palvelutoiminta"
"94",NA,NA,150,1,"Muu palvelutoiminta"
"95",NA,NA,200,1,"Muu palvelutoiminta"
"96",NA,NA,250,1,"Muu palvelutoiminta"
"97",NA,NA,300,1,"Muu palvelutoiminta"
"98",NA,NA,0,8,"Taiteet, viihde ja virkistys"
"99",7,4.2,0.5,8,"Taiteet, viihde ja virkistys"
"100",NA,NA,1,8,"Taiteet, viihde ja virkistys"
"101",NA,NA,1.5,8,"Taiteet, viihde ja virkistys"
"102",NA,NA,2,8,"Taiteet, viihde ja virkistys"
"103",NA,NA,2.5,8,"Taiteet, viihde ja virkistys"
"104",NA,NA,3,8,"Taiteet, viihde ja virkistys"
"105",NA,NA,3.5,8,"Taiteet, viihde ja virkistys"
"106",NA,NA,4,8,"Taiteet, viihde ja virkistys"
"107",NA,NA,4.5,8,"Taiteet, viihde ja virkistys"
"108",235,425.1498031799,0,2,"Taiteet, viihde ja virkistys"
"109",NA,NA,10,2,"Taiteet, viihde ja virkistys"
"110",NA,NA,20,2,"Taiteet, viihde ja virkistys"
"111",NA,NA,30,2,"Taiteet, viihde ja virkistys"
"112",NA,NA,40,2,"Taiteet, viihde ja virkistys"
"113",NA,NA,50,2,"Taiteet, viihde ja virkistys"
"114",NA,NA,60,2,"Taiteet, viihde ja virkistys"
"115",NA,NA,70,2,"Taiteet, viihde ja virkistys"
"116",564,1121.6,0,0,"Taiteet, viihde ja virkistys"
"117",15,199.3,10,0,"Taiteet, viihde ja virkistys"
"118",NA,NA,20,0,"Taiteet, viihde ja virkistys"
"119",NA,NA,30,0,"Taiteet, viihde ja virkistys"
"120",NA,NA,40,0,"Taiteet, viihde ja virkistys"
"121",NA,NA,50,0,"Taiteet, viihde ja virkistys"
"122",NA,NA,60,0,"Taiteet, viihde ja virkistys"
"123",161,278.374649487,0,9,"Taiteet, viihde ja virkistys"
"124",28,192.0935688665,5,9,"Taiteet, viihde ja virkistys"
"125",NA,NA,10,9,"Taiteet, viihde ja virkistys"
"126",NA,NA,15,9,"Taiteet, viihde ja virkistys"
"127",NA,NA,20,9,"Taiteet, viihde ja virkistys"
"128",NA,NA,25,9,"Taiteet, viihde ja virkistys"
"129",NA,NA,30,9,"Taiteet, viihde ja virkistys"
"130",NA,NA,35,9,"Taiteet, viihde ja virkistys"
"131",1244,3734.0819765839,0,1,"Taiteet, viihde ja virkistys"
"132",43,1123.044094971,20,1,"Taiteet, viihde ja virkistys"
"133",NA,NA,40,1,"Taiteet, viihde ja virkistys"
"134",NA,NA,60,1,"Taiteet, viihde ja virkistys"
"135",NA,NA,80,1,"Taiteet, viihde ja virkistys"
"136",NA,NA,100,1,"Taiteet, viihde ja virkistys"
"137",NA,NA,120,1,"Taiteet, viihde ja virkistys"
"138",NA,NA,140,1,"Taiteet, viihde ja virkistys"
"139",20,21.6,0,8,"Terveys- ja sosiaalipalvelut"
"140",7,56.8,5,8,"Terveys- ja sosiaalipalvelut"
"141",NA,NA,10,8,"Terveys- ja sosiaalipalvelut"
"142",NA,NA,15,8,"Terveys- ja sosiaalipalvelut"
"143",NA,NA,20,8,"Terveys- ja sosiaalipalvelut"
"144",NA,NA,25,8,"Terveys- ja sosiaalipalvelut"
"145",NA,NA,30,8,"Terveys- ja sosiaalipalvelut"
"146",NA,NA,35,8,"Terveys- ja sosiaalipalvelut"
"147",275,1344.534153841,0,2,"Terveys- ja sosiaalipalvelut"
"148",21,642.060330865,20,2,"Terveys- ja sosiaalipalvelut"
"149",NA,NA,40,2,"Terveys- ja sosiaalipalvelut"
"150",NA,NA,60,2,"Terveys- ja sosiaalipalvelut"
"151",NA,NA,80,2,"Terveys- ja sosiaalipalvelut"
"152",NA,NA,100,2,"Terveys- ja sosiaalipalvelut"
"153",NA,NA,120,2,"Terveys- ja sosiaalipalvelut"
"154",NA,NA,140,2,"Terveys- ja sosiaalipalvelut"
"155",NA,NA,160,2,"Terveys- ja sosiaalipalvelut"
"156",NA,NA,180,2,"Terveys- ja sosiaalipalvelut"
"157",NA,NA,200,2,"Terveys- ja sosiaalipalvelut"
"158",473,1136.046527894,0,0,"Terveys- ja sosiaalipalvelut"
"159",199,1420.7,5,0,"Terveys- ja sosiaalipalvelut"
"160",78,944.7,10,0,"Terveys- ja sosiaalipalvelut"
"161",29,474.1,15,0,"Terveys- ja sosiaalipalvelut"
"162",13,302.2,20,0,"Terveys- ja sosiaalipalvelut"
"163",6,221.3,25,0,"Terveys- ja sosiaalipalvelut"
"164",NA,NA,30,0,"Terveys- ja sosiaalipalvelut"
"165",NA,NA,35,0,"Terveys- ja sosiaalipalvelut"
"166",NA,NA,40,0,"Terveys- ja sosiaalipalvelut"
"167",NA,NA,45,0,"Terveys- ja sosiaalipalvelut"
"168",NA,NA,50,0,"Terveys- ja sosiaalipalvelut"
"169",105,252.1503370202,0,9,"Terveys- ja sosiaalipalvelut"
"170",97,732.2,5,9,"Terveys- ja sosiaalipalvelut"
"171",32,416.695105402,10,9,"Terveys- ja sosiaalipalvelut"
"172",8,121,15,9,"Terveys- ja sosiaalipalvelut"
"173",10,236.1,20,9,"Terveys- ja sosiaalipalvelut"
"174",15,404.1,25,9,"Terveys- ja sosiaalipalvelut"
"175",NA,NA,30,9,"Terveys- ja sosiaalipalvelut"
"176",NA,NA,35,9,"Terveys- ja sosiaalipalvelut"
"177",1154,4557.6939070708,0,1,"Terveys- ja sosiaalipalvelut"
"178",213,2899.838458621,10,1,"Terveys- ja sosiaalipalvelut"
"179",64,1573.262493278,20,1,"Terveys- ja sosiaalipalvelut"
"180",21,732.532113791,30,1,"Terveys- ja sosiaalipalvelut"
"181",29,1384.835241959,40,1,"Terveys- ja sosiaalipalvelut"
"182",12,638.8,50,1,"Terveys- ja sosiaalipalvelut"
"183",14,917.235018732,60,1,"Terveys- ja sosiaalipalvelut"
"184",NA,NA,70,1,"Terveys- ja sosiaalipalvelut"
"185",NA,NA,80,1,"Terveys- ja sosiaalipalvelut"
"186",NA,NA,0,8,"Koulutus"
"187",11,36.7,2,8,"Koulutus"
"188",NA,NA,4,8,"Koulutus"
"189",NA,NA,6,8,"Koulutus"
"190",NA,NA,8,8,"Koulutus"
"191",NA,NA,10,8,"Koulutus"
"192",NA,NA,12,8,"Koulutus"
"193",NA,NA,14,8,"Koulutus"
"194",NA,NA,16,8,"Koulutus"
"195",171,300.4830265122,0,2,"Koulutus"
"196",15,103.4243526978,5,2,"Koulutus"
"197",NA,NA,10,2,"Koulutus"
"198",NA,NA,15,2,"Koulutus"
"199",NA,NA,20,2,"Koulutus"
"200",6,163.7,25,2,"Koulutus"
"201",NA,NA,30,2,"Koulutus"
"202",6,151.7,35,2,"Koulutus"
"203",NA,NA,40,2,"Koulutus"
"204",NA,NA,45,2,"Koulutus"
"205",403,777.2528083688,0,0,"Koulutus"
"206",26,175.8,5,0,"Koulutus"
"207",NA,NA,10,0,"Koulutus"
"208",NA,NA,15,0,"Koulutus"
"209",NA,NA,20,0,"Koulutus"
"210",NA,NA,25,0,"Koulutus"
"211",NA,NA,30,0,"Koulutus"
"212",50,48.3,0,9,"Koulutus"
"213",39,107.7,2,9,"Koulutus"
"214",13,79.2,4,9,"Koulutus"
"215",NA,NA,6,9,"Koulutus"
"216",NA,NA,8,9,"Koulutus"
"217",NA,NA,10,9,"Koulutus"
"218",NA,NA,12,9,"Koulutus"
"219",866,2554.6887595033,0,1,"Koulutus"
"220",NA,NA,50,1,"Koulutus"
"221",NA,NA,100,1,"Koulutus"
"222",NA,NA,150,1,"Koulutus"
"223",NA,NA,200,1,"Koulutus"
"224",NA,NA,250,1,"Koulutus"
"225",NA,NA,300,1,"Koulutus"
"226",NA,NA,500,9,"Julkinen hallinto ja maanpuolustus; pakollinen sosiaalivakuutus"
"227",NA,NA,550,9,"Julkinen hallinto ja maanpuolustus; pakollinen sosiaalivakuutus"
"228",NA,NA,8.2,1,"Julkinen hallinto ja maanpuolustus; pakollinen sosiaalivakuutus"
"229",NA,NA,8.4,1,"Julkinen hallinto ja maanpuolustus; pakollinen sosiaalivakuutus"
"230",NA,NA,8.6,1,"Julkinen hallinto ja maanpuolustus; pakollinen sosiaalivakuutus"
"231",NA,NA,8.8,1,"Julkinen hallinto ja maanpuolustus; pakollinen sosiaalivakuutus"
"232",NA,NA,9,1,"Julkinen hallinto ja maanpuolustus; pakollinen sosiaalivakuutus"
"233",NA,NA,9.2,1,"Julkinen hallinto ja maanpuolustus; pakollinen sosiaalivakuutus"
"234",NA,NA,9.4,1,"Julkinen hallinto ja maanpuolustus; pakollinen sosiaalivakuutus"
"235",NA,NA,9.6,1,"Julkinen hallinto ja maanpuolustus; pakollinen sosiaalivakuutus"
"236",NA,NA,9.8,1,"Julkinen hallinto ja maanpuolustus; pakollinen sosiaalivakuutus"
"237",NA,NA,10,1,"Julkinen hallinto ja maanpuolustus; pakollinen sosiaalivakuutus"
"238",137,548.6946320867,0,8,"Hallinto- ja tukipalvelutoiminta"
"239",29,890,20,8,"Hallinto- ja tukipalvelutoiminta"
"240",NA,NA,40,8,"Hallinto- ja tukipalvelutoiminta"
"241",NA,NA,60,8,"Hallinto- ja tukipalvelutoiminta"
"242",NA,NA,80,8,"Hallinto- ja tukipalvelutoiminta"
"243",NA,NA,100,8,"Hallinto- ja tukipalvelutoiminta"
"244",NA,NA,120,8,"Hallinto- ja tukipalvelutoiminta"
"245",NA,NA,140,8,"Hallinto- ja tukipalvelutoiminta"
"246",NA,NA,160,8,"Hallinto- ja tukipalvelutoiminta"
"247",NA,NA,180,8,"Hallinto- ja tukipalvelutoiminta"
"248",NA,NA,200,8,"Hallinto- ja tukipalvelutoiminta"
"249",840,4883.4084537012,0,2,"Hallinto- ja tukipalvelutoiminta"
"250",19,1318.325028231,50,2,"Hallinto- ja tukipalvelutoiminta"
"251",11,1385.96,100,2,"Hallinto- ja tukipalvelutoiminta"
"252",NA,NA,150,2,"Hallinto- ja tukipalvelutoiminta"
"253",NA,NA,200,2,"Hallinto- ja tukipalvelutoiminta"
"254",NA,NA,250,2,"Hallinto- ja tukipalvelutoiminta"
"255",NA,NA,300,2,"Hallinto- ja tukipalvelutoiminta"
"256",NA,NA,350,2,"Hallinto- ja tukipalvelutoiminta"
"257",4511,23518.9411003885,0,0,"Hallinto- ja tukipalvelutoiminta"
"258",35,2376.8,50,0,"Hallinto- ja tukipalvelutoiminta"
"259",13,1582.2,100,0,"Hallinto- ja tukipalvelutoiminta"
"260",7,1199,150,0,"Hallinto- ja tukipalvelutoiminta"
"261",NA,NA,200,0,"Hallinto- ja tukipalvelutoiminta"
"262",NA,NA,250,0,"Hallinto- ja tukipalvelutoiminta"
"263",NA,NA,300,0,"Hallinto- ja tukipalvelutoiminta"
"264",1343,9646.8462651559,0,9,"Hallinto- ja tukipalvelutoiminta"
"265",12,759.2,50,9,"Hallinto- ja tukipalvelutoiminta"
"266",6,778,100,9,"Hallinto- ja tukipalvelutoiminta"
"267",NA,NA,150,9,"Hallinto- ja tukipalvelutoiminta"
"268",NA,NA,200,9,"Hallinto- ja tukipalvelutoiminta"
"269",NA,NA,250,9,"Hallinto- ja tukipalvelutoiminta"
"270",6142,32789.8430739541,0,1,"Hallinto- ja tukipalvelutoiminta"
"271",108,6938.161134547,50,1,"Hallinto- ja tukipalvelutoiminta"
"272",NA,NA,100,1,"Hallinto- ja tukipalvelutoiminta"
"273",10,1682.5,150,1,"Hallinto- ja tukipalvelutoiminta"
"274",NA,NA,200,1,"Hallinto- ja tukipalvelutoiminta"
"275",NA,NA,250,1,"Hallinto- ja tukipalvelutoiminta"
"276",NA,NA,300,1,"Hallinto- ja tukipalvelutoiminta"
"277",210,242.7072564075,0,8,"Ammatillinen, tieteellinen ja tekninen toiminta"
"278",22,157,5,8,"Ammatillinen, tieteellinen ja tekninen toiminta"
"279",NA,NA,10,8,"Ammatillinen, tieteellinen ja tekninen toiminta"
"280",NA,NA,15,8,"Ammatillinen, tieteellinen ja tekninen toiminta"
"281",NA,NA,20,8,"Ammatillinen, tieteellinen ja tekninen toiminta"
"282",NA,NA,25,8,"Ammatillinen, tieteellinen ja tekninen toiminta"
"283",NA,NA,30,8,"Ammatillinen, tieteellinen ja tekninen toiminta"
"284",971,1952.2176295019,0,2,"Ammatillinen, tieteellinen ja tekninen toiminta"
"285",226,1566.9229013326,5,2,"Ammatillinen, tieteellinen ja tekninen toiminta"
"286",58,707.508563154,10,2,"Ammatillinen, tieteellinen ja tekninen toiminta"
"287",29,503.036962988,15,2,"Ammatillinen, tieteellinen ja tekninen toiminta"
"288",25,561.643644775,20,2,"Ammatillinen, tieteellinen ja tekninen toiminta"
"289",16,463.032278803,25,2,"Ammatillinen, tieteellinen ja tekninen toiminta"
"290",9,254.743020758,30,2,"Ammatillinen, tieteellinen ja tekninen toiminta"
"291",NA,NA,35,2,"Ammatillinen, tieteellinen ja tekninen toiminta"
"292",NA,NA,40,2,"Ammatillinen, tieteellinen ja tekninen toiminta"
"293",NA,NA,45,2,"Ammatillinen, tieteellinen ja tekninen toiminta"
"294",NA,NA,50,2,"Ammatillinen, tieteellinen ja tekninen toiminta"
"295",NA,NA,55,2,"Ammatillinen, tieteellinen ja tekninen toiminta"
"296",5901,13774.3160869414,0,0,"Ammatillinen, tieteellinen ja tekninen toiminta"
"297",340,4668.7,10,0,"Ammatillinen, tieteellinen ja tekninen toiminta"
"298",70,1626.7,20,0,"Ammatillinen, tieteellinen ja tekninen toiminta"
"299",25,991.3,30,0,"Ammatillinen, tieteellinen ja tekninen toiminta"
"300",9,359.1,40,0,"Ammatillinen, tieteellinen ja tekninen toiminta"
"301",17,993.7,50,0,"Ammatillinen, tieteellinen ja tekninen toiminta"
"302",6,447.7,60,0,"Ammatillinen, tieteellinen ja tekninen toiminta"
"303",NA,NA,70,0,"Ammatillinen, tieteellinen ja tekninen toiminta"
"304",NA,NA,80,0,"Ammatillinen, tieteellinen ja tekninen toiminta"
"305",NA,NA,90,0,"Ammatillinen, tieteellinen ja tekninen toiminta"
"306",NA,NA,100,0,"Ammatillinen, tieteellinen ja tekninen toiminta"
"307",1776,6276.1568258574,0,9,"Ammatillinen, tieteellinen ja tekninen toiminta"
"308",22,1427,50,9,"Ammatillinen, tieteellinen ja tekninen toiminta"
"309",10,1405.7,100,9,"Ammatillinen, tieteellinen ja tekninen toiminta"
"310",6,1011,150,9,"Ammatillinen, tieteellinen ja tekninen toiminta"
"311",11,2179.8,200,9,"Ammatillinen, tieteellinen ja tekninen toiminta"
"312",NA,NA,250,9,"Ammatillinen, tieteellinen ja tekninen toiminta"
"313",NA,NA,300,9,"Ammatillinen, tieteellinen ja tekninen toiminta"
"314",NA,NA,350,9,"Ammatillinen, tieteellinen ja tekninen toiminta"
"315",NA,NA,400,9,"Ammatillinen, tieteellinen ja tekninen toiminta"
"316",NA,NA,450,9,"Ammatillinen, tieteellinen ja tekninen toiminta"
"317",NA,NA,500,9,"Ammatillinen, tieteellinen ja tekninen toiminta"
"318",NA,NA,550,9,"Ammatillinen, tieteellinen ja tekninen toiminta"
"319",8918,27163.1041071632,0,1,"Ammatillinen, tieteellinen ja tekninen toiminta"
"320",177,4902.061919569,20,1,"Ammatillinen, tieteellinen ja tekninen toiminta"
"321",30,1426.364650905,40,1,"Ammatillinen, tieteellinen ja tekninen toiminta"
"322",6,408.1,60,1,"Ammatillinen, tieteellinen ja tekninen toiminta"
"323",7,650.1,80,1,"Ammatillinen, tieteellinen ja tekninen toiminta"
"324",11,1199.2,100,1,"Ammatillinen, tieteellinen ja tekninen toiminta"
"325",NA,NA,120,1,"Ammatillinen, tieteellinen ja tekninen toiminta"
"326",6,884.1,140,1,"Ammatillinen, tieteellinen ja tekninen toiminta"
"327",NA,NA,160,1,"Ammatillinen, tieteellinen ja tekninen toiminta"
"328",NA,NA,180,1,"Ammatillinen, tieteellinen ja tekninen toiminta"
"329",60,52.8260987537,0,8,"Kiinteistöalan toiminta"
"330",NA,NA,5,8,"Kiinteistöalan toiminta"
"331",NA,NA,10,8,"Kiinteistöalan toiminta"
"332",NA,NA,15,8,"Kiinteistöalan toiminta"
"333",NA,NA,20,8,"Kiinteistöalan toiminta"
"334",NA,NA,25,8,"Kiinteistöalan toiminta"
"335",NA,NA,30,8,"Kiinteistöalan toiminta"
"336",247,430.3019438849,0,2,"Kiinteistöalan toiminta"
"337",NA,NA,10,2,"Kiinteistöalan toiminta"
"338",NA,NA,20,2,"Kiinteistöalan toiminta"
"339",NA,NA,30,2,"Kiinteistöalan toiminta"
"340",NA,NA,40,2,"Kiinteistöalan toiminta"
"341",NA,NA,50,2,"Kiinteistöalan toiminta"
"342",NA,NA,60,2,"Kiinteistöalan toiminta"
"343",NA,NA,70,2,"Kiinteistöalan toiminta"
"344",NA,NA,80,2,"Kiinteistöalan toiminta"
"345",NA,NA,90,2,"Kiinteistöalan toiminta"
"346",NA,NA,100,2,"Kiinteistöalan toiminta"
"347",NA,NA,110,2,"Kiinteistöalan toiminta"
"348",1479,3833.6357401591,0,0,"Kiinteistöalan toiminta"
"349",27,704.6,20,0,"Kiinteistöalan toiminta"
"350",14,780.7,40,0,"Kiinteistöalan toiminta"
"351",NA,NA,60,0,"Kiinteistöalan toiminta"
"352",7,626,80,0,"Kiinteistöalan toiminta"
"353",NA,NA,100,0,"Kiinteistöalan toiminta"
"354",NA,NA,120,0,"Kiinteistöalan toiminta"
"355",NA,NA,140,0,"Kiinteistöalan toiminta"
"356",NA,NA,160,0,"Kiinteistöalan toiminta"
"357",NA,NA,180,0,"Kiinteistöalan toiminta"
"358",384,1275.8100814138,0,9,"Kiinteistöalan toiminta"
"359",NA,NA,50,9,"Kiinteistöalan toiminta"
"360",NA,NA,100,9,"Kiinteistöalan toiminta"
"361",NA,NA,150,9,"Kiinteistöalan toiminta"
"362",NA,NA,200,9,"Kiinteistöalan toiminta"
"363",NA,NA,250,9,"Kiinteistöalan toiminta"
"364",1879,4439.746016519,0,1,"Kiinteistöalan toiminta"
"365",79,1078.223867534,10,1,"Kiinteistöalan toiminta"
"366",28,658.6,20,1,"Kiinteistöalan toiminta"
"367",18,606.3,30,1,"Kiinteistöalan toiminta"
"368",9,392,40,1,"Kiinteistöalan toiminta"
"369",NA,NA,50,1,"Kiinteistöalan toiminta"
"370",6,392.1,60,1,"Kiinteistöalan toiminta"
"371",NA,NA,70,1,"Kiinteistöalan toiminta"
"372",9,769,80,1,"Kiinteistöalan toiminta"
"373",NA,NA,90,1,"Kiinteistöalan toiminta"
"374",NA,NA,100,1,"Kiinteistöalan toiminta"
"375",NA,NA,110,1,"Kiinteistöalan toiminta"
"376",99,156.4896727853,0,2,"Rahoitus- ja vakuutustoiminta"
"377",20,144.6080009208,5,2,"Rahoitus- ja vakuutustoiminta"
"378",NA,NA,10,2,"Rahoitus- ja vakuutustoiminta"
"379",NA,NA,15,2,"Rahoitus- ja vakuutustoiminta"
"380",NA,NA,20,2,"Rahoitus- ja vakuutustoiminta"
"381",NA,NA,25,2,"Rahoitus- ja vakuutustoiminta"
"382",NA,NA,30,2,"Rahoitus- ja vakuutustoiminta"
"383",489,1168.3,0,0,"Rahoitus- ja vakuutustoiminta"
"384",18,290.8,10,0,"Rahoitus- ja vakuutustoiminta"
"385",NA,NA,20,0,"Rahoitus- ja vakuutustoiminta"
"386",NA,NA,30,0,"Rahoitus- ja vakuutustoiminta"
"387",NA,NA,40,0,"Rahoitus- ja vakuutustoiminta"
"388",NA,NA,50,0,"Rahoitus- ja vakuutustoiminta"
"389",NA,NA,60,0,"Rahoitus- ja vakuutustoiminta"
"390",NA,NA,70,0,"Rahoitus- ja vakuutustoiminta"
"391",NA,NA,80,0,"Rahoitus- ja vakuutustoiminta"
"392",NA,NA,90,0,"Rahoitus- ja vakuutustoiminta"
"393",NA,NA,100,0,"Rahoitus- ja vakuutustoiminta"
"394",67,581.2281742681,0,9,"Rahoitus- ja vakuutustoiminta"
"395",NA,NA,200,9,"Rahoitus- ja vakuutustoiminta"
"396",NA,NA,400,9,"Rahoitus- ja vakuutustoiminta"
"397",NA,NA,600,9,"Rahoitus- ja vakuutustoiminta"
"398",NA,NA,800,9,"Rahoitus- ja vakuutustoiminta"
"399",NA,NA,1000,9,"Rahoitus- ja vakuutustoiminta"
"400",NA,NA,1200,9,"Rahoitus- ja vakuutustoiminta"
"401",NA,NA,1400,9,"Rahoitus- ja vakuutustoiminta"
"402",625,2240.7721709439,0,1,"Rahoitus- ja vakuutustoiminta"
"403",7,453.1,50,1,"Rahoitus- ja vakuutustoiminta"
"404",NA,NA,100,1,"Rahoitus- ja vakuutustoiminta"
"405",NA,NA,150,1,"Rahoitus- ja vakuutustoiminta"
"406",NA,NA,200,1,"Rahoitus- ja vakuutustoiminta"
"407",NA,NA,250,1,"Rahoitus- ja vakuutustoiminta"
"408",NA,NA,300,1,"Rahoitus- ja vakuutustoiminta"
"409",NA,NA,350,1,"Rahoitus- ja vakuutustoiminta"
"410",NA,NA,400,1,"Rahoitus- ja vakuutustoiminta"
"411",109,304.6,0,8,"Informaatio ja viestintä"
"412",NA,NA,20,8,"Informaatio ja viestintä"
"413",NA,NA,40,8,"Informaatio ja viestintä"
"414",NA,NA,60,8,"Informaatio ja viestintä"
"415",NA,NA,80,8,"Informaatio ja viestintä"
"416",NA,NA,100,8,"Informaatio ja viestintä"
"417",NA,NA,120,8,"Informaatio ja viestintä"
"418",NA,NA,140,8,"Informaatio ja viestintä"
"419",NA,NA,160,8,"Informaatio ja viestintä"
"420",NA,NA,180,8,"Informaatio ja viestintä"
"421",NA,NA,200,8,"Informaatio ja viestintä"
"422",687,2002.4420080489,0,2,"Informaatio ja viestintä"
"423",40,547.690138785,10,2,"Informaatio ja viestintä"
"424",14,296.564484441,20,2,"Informaatio ja viestintä"
"425",7,292.378947432,30,2,"Informaatio ja viestintä"
"426",NA,NA,40,2,"Informaatio ja viestintä"
"427",NA,NA,50,2,"Informaatio ja viestintä"
"428",NA,NA,60,2,"Informaatio ja viestintä"
"429",2298,5970.0250057728,0,0,"Informaatio ja viestintä"
"430",164,2288.01551496,10,0,"Informaatio ja viestintä"
"431",38,941.20504202,20,0,"Informaatio ja viestintä"
"432",17,560.706442037,30,0,"Informaatio ja viestintä"
"433",9,437.135895452,40,0,"Informaatio ja viestintä"
"434",6,323.71,50,0,"Informaatio ja viestintä"
"435",7,452.2,60,0,"Informaatio ja viestintä"
"436",NA,NA,70,0,"Informaatio ja viestintä"
"437",6,503.4,80,0,"Informaatio ja viestintä"
"438",NA,NA,90,0,"Informaatio ja viestintä"
"439",NA,NA,100,0,"Informaatio ja viestintä"
"440",NA,NA,110,0,"Informaatio ja viestintä"
"441",612,1989.6627433076,0,9,"Informaatio ja viestintä"
"442",82,1169.302890462,10,9,"Informaatio ja viestintä"
"443",NA,NA,20,9,"Informaatio ja viestintä"
"444",NA,NA,30,9,"Informaatio ja viestintä"
"445",NA,NA,40,9,"Informaatio ja viestintä"
"446",NA,NA,50,9,"Informaatio ja viestintä"
"447",NA,NA,60,9,"Informaatio ja viestintä"
"448",NA,NA,70,9,"Informaatio ja viestintä"
"449",NA,NA,80,9,"Informaatio ja viestintä"
"450",NA,NA,90,9,"Informaatio ja viestintä"
"451",3710,16855.8828100651,0,1,"Informaatio ja viestintä"
"452",9,635.3,50,1,"Informaatio ja viestintä"
"453",6,786.6,100,1,"Informaatio ja viestintä"
"454",7,1243.6,150,1,"Informaatio ja viestintä"
"455",NA,NA,200,1,"Informaatio ja viestintä"
"456",NA,NA,250,1,"Informaatio ja viestintä"
"457",86,227.4747717966,0,8,"Majoitus- ja ravitsemistoiminta"
"458",20,316.2,10,8,"Majoitus- ja ravitsemistoiminta"
"459",NA,NA,20,8,"Majoitus- ja ravitsemistoiminta"
"460",NA,NA,30,8,"Majoitus- ja ravitsemistoiminta"
"461",NA,NA,40,8,"Majoitus- ja ravitsemistoiminta"
"462",NA,NA,50,8,"Majoitus- ja ravitsemistoiminta"
"463",NA,NA,60,8,"Majoitus- ja ravitsemistoiminta"
"464",NA,NA,70,8,"Majoitus- ja ravitsemistoiminta"
"465",NA,NA,80,8,"Majoitus- ja ravitsemistoiminta"
"466",1300,6386.4837385509,0,2,"Majoitus- ja ravitsemistoiminta"
"467",64,1805.390550569,20,2,"Majoitus- ja ravitsemistoiminta"
"468",17,826.659393259,40,2,"Majoitus- ja ravitsemistoiminta"
"469",NA,NA,60,2,"Majoitus- ja ravitsemistoiminta"
"470",NA,NA,80,2,"Majoitus- ja ravitsemistoiminta"
"471",NA,NA,100,2,"Majoitus- ja ravitsemistoiminta"
"472",NA,NA,120,2,"Majoitus- ja ravitsemistoiminta"
"473",NA,NA,140,2,"Majoitus- ja ravitsemistoiminta"
"474",NA,NA,160,2,"Majoitus- ja ravitsemistoiminta"
"475",NA,NA,180,2,"Majoitus- ja ravitsemistoiminta"
"476",NA,NA,200,2,"Majoitus- ja ravitsemistoiminta"
"477",NA,NA,220,2,"Majoitus- ja ravitsemistoiminta"
"478",4733,15850.6523487631,0,0,"Majoitus- ja ravitsemistoiminta"
"479",259,3567.6,10,0,"Majoitus- ja ravitsemistoiminta"
"480",31,812.4,20,0,"Majoitus- ja ravitsemistoiminta"
"481",9,330.1,30,0,"Majoitus- ja ravitsemistoiminta"
"482",NA,NA,40,0,"Majoitus- ja ravitsemistoiminta"
"483",NA,NA,50,0,"Majoitus- ja ravitsemistoiminta"
"484",6,329.6,60,0,"Majoitus- ja ravitsemistoiminta"
"485",NA,NA,70,0,"Majoitus- ja ravitsemistoiminta"
"486",1987,18329.102323806,0,9,"Majoitus- ja ravitsemistoiminta"
"487",NA,NA,200,9,"Majoitus- ja ravitsemistoiminta"
"488",NA,NA,400,9,"Majoitus- ja ravitsemistoiminta"
"489",NA,NA,600,9,"Majoitus- ja ravitsemistoiminta"
"490",NA,NA,800,9,"Majoitus- ja ravitsemistoiminta"
"491",NA,NA,1000,9,"Majoitus- ja ravitsemistoiminta"
"492",NA,NA,1200,9,"Majoitus- ja ravitsemistoiminta"
"493",7253,25236.8597551885,0,1,"Majoitus- ja ravitsemistoiminta"
"494",704,9513.664084187,10,1,"Majoitus- ja ravitsemistoiminta"
"495",144,3663.435582775,20,1,"Majoitus- ja ravitsemistoiminta"
"496",30,1106.253469112,30,1,"Majoitus- ja ravitsemistoiminta"
"497",22,1033.766549857,40,1,"Majoitus- ja ravitsemistoiminta"
"498",16,815.2,50,1,"Majoitus- ja ravitsemistoiminta"
"499",6,452.694250939,60,1,"Majoitus- ja ravitsemistoiminta"
"500",6,449.2,70,1,"Majoitus- ja ravitsemistoiminta"
"501",7,428.813186334,80,1,"Majoitus- ja ravitsemistoiminta"
"502",NA,NA,90,1,"Majoitus- ja ravitsemistoiminta"
"503",NA,NA,100,1,"Majoitus- ja ravitsemistoiminta"
"504",322,1118.5724398342,0,8,"Kuljetus ja varastointi"
"505",129,1802.472962312,10,8,"Kuljetus ja varastointi"
"506",50,1235.77,20,8,"Kuljetus ja varastointi"
"507",22,795.0885014,30,8,"Kuljetus ja varastointi"
"508",9,349.386221343,40,8,"Kuljetus ja varastointi"
"509",NA,NA,50,8,"Kuljetus ja varastointi"
"510",NA,NA,60,8,"Kuljetus ja varastointi"
"511",NA,NA,70,8,"Kuljetus ja varastointi"
"512",NA,NA,80,8,"Kuljetus ja varastointi"
"513",NA,NA,90,8,"Kuljetus ja varastointi"
"514",NA,NA,100,8,"Kuljetus ja varastointi"
"515",NA,NA,110,8,"Kuljetus ja varastointi"
"516",1308,9393.4104720726,0,2,"Kuljetus ja varastointi"
"517",43,2955.302114721,50,2,"Kuljetus ja varastointi"
"518",14,1616.61036172,100,2,"Kuljetus ja varastointi"
"519",NA,NA,150,2,"Kuljetus ja varastointi"
"520",NA,NA,200,2,"Kuljetus ja varastointi"
"521",NA,NA,250,2,"Kuljetus ja varastointi"
"522",NA,NA,300,2,"Kuljetus ja varastointi"
"523",NA,NA,350,2,"Kuljetus ja varastointi"
"524",NA,NA,400,2,"Kuljetus ja varastointi"
"525",NA,NA,450,2,"Kuljetus ja varastointi"
"526",NA,NA,500,2,"Kuljetus ja varastointi"
"527",5787,23149.6664014487,0,0,"Kuljetus ja varastointi"
"528",195,5111.635013898,20,0,"Kuljetus ja varastointi"
"529",40,2032.587747098,40,0,"Kuljetus ja varastointi"
"530",9,659.6,60,0,"Kuljetus ja varastointi"
"531",8,620.5,80,0,"Kuljetus ja varastointi"
"532",12,1333.5,100,0,"Kuljetus ja varastointi"
"533",NA,NA,120,0,"Kuljetus ja varastointi"
"534",NA,NA,140,0,"Kuljetus ja varastointi"
"535",NA,NA,160,0,"Kuljetus ja varastointi"
"536",NA,NA,180,0,"Kuljetus ja varastointi"
"537",2773,22115.1543267555,0,9,"Kuljetus ja varastointi"
"538",24,1711.659216234,50,9,"Kuljetus ja varastointi"
"539",11,1365,100,9,"Kuljetus ja varastointi"
"540",33,4722,150,9,"Kuljetus ja varastointi"
"541",15,3198,200,9,"Kuljetus ja varastointi"
"542",NA,NA,250,9,"Kuljetus ja varastointi"
"543",10539,54403.602150488,0,1,"Kuljetus ja varastointi"
"544",84,5551.341985297,50,1,"Kuljetus ja varastointi"
"545",20,2569.3,100,1,"Kuljetus ja varastointi"
"546",16,2409.6,150,1,"Kuljetus ja varastointi"
"547",NA,NA,200,1,"Kuljetus ja varastointi"
"548",NA,NA,250,1,"Kuljetus ja varastointi"
"549",976,3742.4981888137,0,8,"Tukku- ja vähittäiskauppa; moottoriajoneuvojen ja moottoripyörien korjaus"
"550",8,225.4,20,8,"Tukku- ja vähittäiskauppa; moottoriajoneuvojen ja moottoripyörien korjaus"
"551",NA,NA,40,8,"Tukku- ja vähittäiskauppa; moottoriajoneuvojen ja moottoripyörien korjaus"
"552",NA,NA,60,8,"Tukku- ja vähittäiskauppa; moottoriajoneuvojen ja moottoripyörien korjaus"
"553",7,629.5,80,8,"Tukku- ja vähittäiskauppa; moottoriajoneuvojen ja moottoripyörien korjaus"
"554",NA,NA,100,8,"Tukku- ja vähittäiskauppa; moottoriajoneuvojen ja moottoripyörien korjaus"
"555",NA,NA,120,8,"Tukku- ja vähittäiskauppa; moottoriajoneuvojen ja moottoripyörien korjaus"
"556",NA,NA,140,8,"Tukku- ja vähittäiskauppa; moottoriajoneuvojen ja moottoripyörien korjaus"
"557",NA,NA,160,8,"Tukku- ja vähittäiskauppa; moottoriajoneuvojen ja moottoripyörien korjaus"
"558",NA,NA,180,8,"Tukku- ja vähittäiskauppa; moottoriajoneuvojen ja moottoripyörien korjaus"
"559",NA,NA,200,8,"Tukku- ja vähittäiskauppa; moottoriajoneuvojen ja moottoripyörien korjaus"
"560",3321,9627.7030818537,0,2,"Tukku- ja vähittäiskauppa; moottoriajoneuvojen ja moottoripyörien korjaus"
"561",232,3209.986070565,10,2,"Tukku- ja vähittäiskauppa; moottoriajoneuvojen ja moottoripyörien korjaus"
"562",45,1224.672594687,20,2,"Tukku- ja vähittäiskauppa; moottoriajoneuvojen ja moottoripyörien korjaus"
"563",26,787.717032473,30,2,"Tukku- ja vähittäiskauppa; moottoriajoneuvojen ja moottoripyörien korjaus"
"564",16,813.804263788,40,2,"Tukku- ja vähittäiskauppa; moottoriajoneuvojen ja moottoripyörien korjaus"
"565",12,652.842042926,50,2,"Tukku- ja vähittäiskauppa; moottoriajoneuvojen ja moottoripyörien korjaus"
"566",NA,NA,60,2,"Tukku- ja vähittäiskauppa; moottoriajoneuvojen ja moottoripyörien korjaus"
"567",NA,NA,70,2,"Tukku- ja vähittäiskauppa; moottoriajoneuvojen ja moottoripyörien korjaus"
"568",NA,NA,80,2,"Tukku- ja vähittäiskauppa; moottoriajoneuvojen ja moottoripyörien korjaus"
"569",16164,53467.352224003,0,0,"Tukku- ja vähittäiskauppa; moottoriajoneuvojen ja moottoripyörien korjaus"
"570",61,4396.2,50,0,"Tukku- ja vähittäiskauppa; moottoriajoneuvojen ja moottoripyörien korjaus"
"571",21,2511.9,100,0,"Tukku- ja vähittäiskauppa; moottoriajoneuvojen ja moottoripyörien korjaus"
"572",13,2299.9,150,0,"Tukku- ja vähittäiskauppa; moottoriajoneuvojen ja moottoripyörien korjaus"
"573",NA,NA,200,0,"Tukku- ja vähittäiskauppa; moottoriajoneuvojen ja moottoripyörien korjaus"
"574",NA,NA,250,0,"Tukku- ja vähittäiskauppa; moottoriajoneuvojen ja moottoripyörien korjaus"
"575",8,1985.6,300,0,"Tukku- ja vähittäiskauppa; moottoriajoneuvojen ja moottoripyörien korjaus"
"576",NA,NA,350,0,"Tukku- ja vähittäiskauppa; moottoriajoneuvojen ja moottoripyörien korjaus"
"577",NA,NA,400,0,"Tukku- ja vähittäiskauppa; moottoriajoneuvojen ja moottoripyörien korjaus"
"578",NA,NA,450,0,"Tukku- ja vähittäiskauppa; moottoriajoneuvojen ja moottoripyörien korjaus"
"579",6871,37686.5168373655,0,9,"Tukku- ja vähittäiskauppa; moottoriajoneuvojen ja moottoripyörien korjaus"
"580",51,6895,100,9,"Tukku- ja vähittäiskauppa; moottoriajoneuvojen ja moottoripyörien korjaus"
"581",18,4566.7,200,9,"Tukku- ja vähittäiskauppa; moottoriajoneuvojen ja moottoripyörien korjaus"
"582",7,2315,300,9,"Tukku- ja vähittäiskauppa; moottoriajoneuvojen ja moottoripyörien korjaus"
"583",NA,NA,400,9,"Tukku- ja vähittäiskauppa; moottoriajoneuvojen ja moottoripyörien korjaus"
"584",NA,NA,500,9,"Tukku- ja vähittäiskauppa; moottoriajoneuvojen ja moottoripyörien korjaus"
"585",NA,NA,600,9,"Tukku- ja vähittäiskauppa; moottoriajoneuvojen ja moottoripyörien korjaus"
"586",NA,NA,700,9,"Tukku- ja vähittäiskauppa; moottoriajoneuvojen ja moottoripyörien korjaus"
"587",NA,NA,800,9,"Tukku- ja vähittäiskauppa; moottoriajoneuvojen ja moottoripyörien korjaus"
"588",NA,NA,900,9,"Tukku- ja vähittäiskauppa; moottoriajoneuvojen ja moottoripyörien korjaus"
"589",NA,NA,1000,9,"Tukku- ja vähittäiskauppa; moottoriajoneuvojen ja moottoripyörien korjaus"
"590",NA,NA,1100,9,"Tukku- ja vähittäiskauppa; moottoriajoneuvojen ja moottoripyörien korjaus"
"591",25467,123861.466647216,0,1,"Tukku- ja vähittäiskauppa; moottoriajoneuvojen ja moottoripyörien korjaus"
"592",37,25818.78122559,500,1,"Tukku- ja vähittäiskauppa; moottoriajoneuvojen ja moottoripyörien korjaus"
"593",NA,NA,1000,1,"Tukku- ja vähittäiskauppa; moottoriajoneuvojen ja moottoripyörien korjaus"
"594",NA,NA,1500,1,"Tukku- ja vähittäiskauppa; moottoriajoneuvojen ja moottoripyörien korjaus"
"595",12,27688.4,2000,1,"Tukku- ja vähittäiskauppa; moottoriajoneuvojen ja moottoripyörien korjaus"
"596",9,24133,2500,1,"Tukku- ja vähittäiskauppa; moottoriajoneuvojen ja moottoripyörien korjaus"
"597",NA,NA,3000,1,"Tukku- ja vähittäiskauppa; moottoriajoneuvojen ja moottoripyörien korjaus"
"598",832,4350.7683380226,0,8,"Rakentaminen"
"599",8,1024,100,8,"Rakentaminen"
"600",NA,NA,200,8,"Rakentaminen"
"601",NA,NA,300,8,"Rakentaminen"
"602",NA,NA,400,8,"Rakentaminen"
"603",NA,NA,500,8,"Rakentaminen"
"604",NA,NA,600,8,"Rakentaminen"
"605",NA,NA,700,8,"Rakentaminen"
"606",3146,21821.4364566442,0,2,"Rakentaminen"
"607",71,4777.362112052,50,2,"Rakentaminen"
"608",6,731.47604668,100,2,"Rakentaminen"
"609",NA,NA,150,2,"Rakentaminen"
"610",NA,NA,200,2,"Rakentaminen"
"611",NA,NA,250,2,"Rakentaminen"
"612",NA,NA,300,2,"Rakentaminen"
"613",15834,71770.3553475281,0,0,"Rakentaminen"
"614",87,5748.4,50,0,"Rakentaminen"
"615",21,2853.5,100,0,"Rakentaminen"
"616",7,1262.3,150,0,"Rakentaminen"
"617",7,1589.5,200,0,"Rakentaminen"
"618",6,1657.3,250,0,"Rakentaminen"
"619",NA,NA,300,0,"Rakentaminen"
"620",NA,NA,350,0,"Rakentaminen"
"621",4979,63435.3718534181,0,9,"Rakentaminen"
"622",7,5257,500,9,"Rakentaminen"
"623",12,14770,1000,9,"Rakentaminen"
"624",8,13930,1500,9,"Rakentaminen"
"625",NA,NA,2000,9,"Rakentaminen"
"626",NA,NA,2500,9,"Rakentaminen"
"627",NA,NA,3000,9,"Rakentaminen"
"628",24288,150405.040334646,0,1,"Rakentaminen"
"629",NA,NA,200,1,"Rakentaminen"
"630",7,3328.9,400,1,"Rakentaminen"
"631",6,4121.4,600,1,"Rakentaminen"
"632",NA,NA,800,1,"Rakentaminen"
"633",NA,NA,1000,1,"Rakentaminen"
"634",NA,NA,1200,1,"Rakentaminen"
"635",NA,NA,1400,1,"Rakentaminen"
"636",NA,NA,1600,1,"Rakentaminen"
"637",23,41.4,0,8,"Vesihuolto, viemäri- ja jätevesihuolto, jätehuolto ja muu ympäristön puhtaanapito"
"638",22,175.9,5,8,"Vesihuolto, viemäri- ja jätevesihuolto, jätehuolto ja muu ympäristön puhtaanapito"
"639",19,238,10,8,"Vesihuolto, viemäri- ja jätevesihuolto, jätehuolto ja muu ympäristön puhtaanapito"
"640",NA,NA,15,8,"Vesihuolto, viemäri- ja jätevesihuolto, jätehuolto ja muu ympäristön puhtaanapito"
"641",16,378.8,20,8,"Vesihuolto, viemäri- ja jätevesihuolto, jätehuolto ja muu ympäristön puhtaanapito"
"642",12,337.6,25,8,"Vesihuolto, viemäri- ja jätevesihuolto, jätehuolto ja muu ympäristön puhtaanapito"
"643",NA,NA,30,8,"Vesihuolto, viemäri- ja jätevesihuolto, jätehuolto ja muu ympäristön puhtaanapito"
"644",NA,NA,35,8,"Vesihuolto, viemäri- ja jätevesihuolto, jätehuolto ja muu ympäristön puhtaanapito"
"645",NA,NA,40,8,"Vesihuolto, viemäri- ja jätevesihuolto, jätehuolto ja muu ympäristön puhtaanapito"
"646",NA,NA,0.2,2,"Vesihuolto, viemäri- ja jätevesihuolto, jätehuolto ja muu ympäristön puhtaanapito"
"647",NA,NA,0.25,2,"Vesihuolto, viemäri- ja jätevesihuolto, jätehuolto ja muu ympäristön puhtaanapito"
"648",NA,NA,0.3,2,"Vesihuolto, viemäri- ja jätevesihuolto, jätehuolto ja muu ympäristön puhtaanapito"
"649",NA,NA,0.35,2,"Vesihuolto, viemäri- ja jätevesihuolto, jätehuolto ja muu ympäristön puhtaanapito"
"650",NA,NA,0.4,2,"Vesihuolto, viemäri- ja jätevesihuolto, jätehuolto ja muu ympäristön puhtaanapito"
"651",NA,NA,0.45,2,"Vesihuolto, viemäri- ja jätevesihuolto, jätehuolto ja muu ympäristön puhtaanapito"
"652",NA,NA,0.5,2,"Vesihuolto, viemäri- ja jätevesihuolto, jätehuolto ja muu ympäristön puhtaanapito"
"653",NA,NA,0.55,2,"Vesihuolto, viemäri- ja jätevesihuolto, jätehuolto ja muu ympäristön puhtaanapito"
"654",NA,NA,0.6,2,"Vesihuolto, viemäri- ja jätevesihuolto, jätehuolto ja muu ympäristön puhtaanapito"
"655",NA,NA,0.65,2,"Vesihuolto, viemäri- ja jätevesihuolto, jätehuolto ja muu ympäristön puhtaanapito"
"656",NA,NA,0.7,2,"Vesihuolto, viemäri- ja jätevesihuolto, jätehuolto ja muu ympäristön puhtaanapito"
"657",NA,NA,0.75,2,"Vesihuolto, viemäri- ja jätevesihuolto, jätehuolto ja muu ympäristön puhtaanapito"
"658",70,27.9,0,0,"Vesihuolto, viemäri- ja jätevesihuolto, jätehuolto ja muu ympäristön puhtaanapito"
"659",42,70.2,1,0,"Vesihuolto, viemäri- ja jätevesihuolto, jätehuolto ja muu ympäristön puhtaanapito"
"660",21,55.4,2,0,"Vesihuolto, viemäri- ja jätevesihuolto, jätehuolto ja muu ympäristön puhtaanapito"
"661",11,40.2,3,0,"Vesihuolto, viemäri- ja jätevesihuolto, jätehuolto ja muu ympäristön puhtaanapito"
"662",9,40.1,4,0,"Vesihuolto, viemäri- ja jätevesihuolto, jätehuolto ja muu ympäristön puhtaanapito"
"663",NA,NA,5,0,"Vesihuolto, viemäri- ja jätevesihuolto, jätehuolto ja muu ympäristön puhtaanapito"
"664",NA,NA,6,0,"Vesihuolto, viemäri- ja jätevesihuolto, jätehuolto ja muu ympäristön puhtaanapito"
"665",NA,NA,7,0,"Vesihuolto, viemäri- ja jätevesihuolto, jätehuolto ja muu ympäristön puhtaanapito"
"666",NA,NA,8,0,"Vesihuolto, viemäri- ja jätevesihuolto, jätehuolto ja muu ympäristön puhtaanapito"
"667",66,139,0,9,"Vesihuolto, viemäri- ja jätevesihuolto, jätehuolto ja muu ympäristön puhtaanapito"
"668",8,64.6,5,9,"Vesihuolto, viemäri- ja jätevesihuolto, jätehuolto ja muu ympäristön puhtaanapito"
"669",NA,NA,10,9,"Vesihuolto, viemäri- ja jätevesihuolto, jätehuolto ja muu ympäristön puhtaanapito"
"670",NA,NA,15,9,"Vesihuolto, viemäri- ja jätevesihuolto, jätehuolto ja muu ympäristön puhtaanapito"
"671",NA,NA,20,9,"Vesihuolto, viemäri- ja jätevesihuolto, jätehuolto ja muu ympäristön puhtaanapito"
"672",NA,NA,25,9,"Vesihuolto, viemäri- ja jätevesihuolto, jätehuolto ja muu ympäristön puhtaanapito"
"673",NA,NA,30,9,"Vesihuolto, viemäri- ja jätevesihuolto, jätehuolto ja muu ympäristön puhtaanapito"
"674",NA,NA,35,9,"Vesihuolto, viemäri- ja jätevesihuolto, jätehuolto ja muu ympäristön puhtaanapito"
"675",NA,NA,40,9,"Vesihuolto, viemäri- ja jätevesihuolto, jätehuolto ja muu ympäristön puhtaanapito"
"676",239,740.8729116386,0,1,"Vesihuolto, viemäri- ja jätevesihuolto, jätehuolto ja muu ympäristön puhtaanapito"
"677",22,319.179610192,10,1,"Vesihuolto, viemäri- ja jätevesihuolto, jätehuolto ja muu ympäristön puhtaanapito"
"678",13,324.8,20,1,"Vesihuolto, viemäri- ja jätevesihuolto, jätehuolto ja muu ympäristön puhtaanapito"
"679",NA,NA,30,1,"Vesihuolto, viemäri- ja jätevesihuolto, jätehuolto ja muu ympäristön puhtaanapito"
"680",NA,NA,40,1,"Vesihuolto, viemäri- ja jätevesihuolto, jätehuolto ja muu ympäristön puhtaanapito"
"681",NA,NA,50,1,"Vesihuolto, viemäri- ja jätevesihuolto, jätehuolto ja muu ympäristön puhtaanapito"
"682",NA,NA,60,1,"Vesihuolto, viemäri- ja jätevesihuolto, jätehuolto ja muu ympäristön puhtaanapito"
"683",NA,NA,70,1,"Vesihuolto, viemäri- ja jätevesihuolto, jätehuolto ja muu ympäristön puhtaanapito"
"684",NA,NA,80,1,"Vesihuolto, viemäri- ja jätevesihuolto, jätehuolto ja muu ympäristön puhtaanapito"
"685",NA,NA,90,1,"Vesihuolto, viemäri- ja jätevesihuolto, jätehuolto ja muu ympäristön puhtaanapito"
"686",NA,NA,100,1,"Vesihuolto, viemäri- ja jätevesihuolto, jätehuolto ja muu ympäristön puhtaanapito"
"687",NA,NA,110,1,"Vesihuolto, viemäri- ja jätevesihuolto, jätehuolto ja muu ympäristön puhtaanapito"
"688",NA,NA,120,1,"Vesihuolto, viemäri- ja jätevesihuolto, jätehuolto ja muu ympäristön puhtaanapito"
"689",NA,NA,0,2,"Sähkö-, kaasu- ja lämpöhuolto, jäähdytysliiketoiminta"
"690",NA,NA,0.2,2,"Sähkö-, kaasu- ja lämpöhuolto, jäähdytysliiketoiminta"
"691",NA,NA,0.4,2,"Sähkö-, kaasu- ja lämpöhuolto, jäähdytysliiketoiminta"
"692",NA,NA,0.6,2,"Sähkö-, kaasu- ja lämpöhuolto, jäähdytysliiketoiminta"
"693",NA,NA,0.8,2,"Sähkö-, kaasu- ja lämpöhuolto, jäähdytysliiketoiminta"
"694",NA,NA,1,2,"Sähkö-, kaasu- ja lämpöhuolto, jäähdytysliiketoiminta"
"695",NA,NA,1.2,2,"Sähkö-, kaasu- ja lämpöhuolto, jäähdytysliiketoiminta"
"696",NA,NA,1.4,2,"Sähkö-, kaasu- ja lämpöhuolto, jäähdytysliiketoiminta"
"697",NA,NA,1.6,2,"Sähkö-, kaasu- ja lämpöhuolto, jäähdytysliiketoiminta"
"698",NA,NA,1.8,2,"Sähkö-, kaasu- ja lämpöhuolto, jäähdytysliiketoiminta"
"699",NA,NA,2,2,"Sähkö-, kaasu- ja lämpöhuolto, jäähdytysliiketoiminta"
"700",NA,NA,2.2,2,"Sähkö-, kaasu- ja lämpöhuolto, jäähdytysliiketoiminta"
"701",NA,NA,2.4,2,"Sähkö-, kaasu- ja lämpöhuolto, jäähdytysliiketoiminta"
"702",NA,NA,1.4,0,"Sähkö-, kaasu- ja lämpöhuolto, jäähdytysliiketoiminta"
"703",NA,NA,1.6,0,"Sähkö-, kaasu- ja lämpöhuolto, jäähdytysliiketoiminta"
"704",NA,NA,1.8,0,"Sähkö-, kaasu- ja lämpöhuolto, jäähdytysliiketoiminta"
"705",NA,NA,2,0,"Sähkö-, kaasu- ja lämpöhuolto, jäähdytysliiketoiminta"
"706",NA,NA,2.2,0,"Sähkö-, kaasu- ja lämpöhuolto, jäähdytysliiketoiminta"
"707",NA,NA,2.4,0,"Sähkö-, kaasu- ja lämpöhuolto, jäähdytysliiketoiminta"
"708",NA,NA,2.6,0,"Sähkö-, kaasu- ja lämpöhuolto, jäähdytysliiketoiminta"
"709",NA,NA,2.8,0,"Sähkö-, kaasu- ja lämpöhuolto, jäähdytysliiketoiminta"
"710",NA,NA,3,0,"Sähkö-, kaasu- ja lämpöhuolto, jäähdytysliiketoiminta"
"711",NA,NA,320,9,"Sähkö-, kaasu- ja lämpöhuolto, jäähdytysliiketoiminta"
"712",NA,NA,340,9,"Sähkö-, kaasu- ja lämpöhuolto, jäähdytysliiketoiminta"
"713",NA,NA,360,9,"Sähkö-, kaasu- ja lämpöhuolto, jäähdytysliiketoiminta"
"714",NA,NA,380,9,"Sähkö-, kaasu- ja lämpöhuolto, jäähdytysliiketoiminta"
"715",NA,NA,400,9,"Sähkö-, kaasu- ja lämpöhuolto, jäähdytysliiketoiminta"
"716",NA,NA,420,9,"Sähkö-, kaasu- ja lämpöhuolto, jäähdytysliiketoiminta"
"717",NA,NA,440,9,"Sähkö-, kaasu- ja lämpöhuolto, jäähdytysliiketoiminta"
"718",NA,NA,460,9,"Sähkö-, kaasu- ja lämpöhuolto, jäähdytysliiketoiminta"
"719",NA,NA,480,9,"Sähkö-, kaasu- ja lämpöhuolto, jäähdytysliiketoiminta"
"720",NA,NA,500,9,"Sähkö-, kaasu- ja lämpöhuolto, jäähdytysliiketoiminta"
"721",NA,NA,520,9,"Sähkö-, kaasu- ja lämpöhuolto, jäähdytysliiketoiminta"
"722",NA,NA,540,9,"Sähkö-, kaasu- ja lämpöhuolto, jäähdytysliiketoiminta"
"723",13,4.3539600947,0,1,"Sähkö-, kaasu- ja lämpöhuolto, jäähdytysliiketoiminta"
"724",8,5.7989171916,0.5,1,"Sähkö-, kaasu- ja lämpöhuolto, jäähdytysliiketoiminta"
"725",6,8.3657009594,1,1,"Sähkö-, kaasu- ja lämpöhuolto, jäähdytysliiketoiminta"
"726",NA,NA,1.5,1,"Sähkö-, kaasu- ja lämpöhuolto, jäähdytysliiketoiminta"
"727",NA,NA,2,1,"Sähkö-, kaasu- ja lämpöhuolto, jäähdytysliiketoiminta"
"728",NA,NA,2.5,1,"Sähkö-, kaasu- ja lämpöhuolto, jäähdytysliiketoiminta"
"729",NA,NA,3,1,"Sähkö-, kaasu- ja lämpöhuolto, jäähdytysliiketoiminta"
"730",1568,18827.9658815507,0,8,"Teollisuus"
"731",31,4400,100,8,"Teollisuus"
"732",NA,NA,200,8,"Teollisuus"
"733",NA,NA,300,8,"Teollisuus"
"734",NA,NA,400,8,"Teollisuus"
"735",NA,NA,500,8,"Teollisuus"
"736",NA,NA,600,8,"Teollisuus"
"737",NA,NA,700,8,"Teollisuus"
"738",NA,NA,800,8,"Teollisuus"
"739",2318,11958.4272908446,0,2,"Teollisuus"
"740",183,5095.282317867,20,2,"Teollisuus"
"741",62,3292.144131127,40,2,"Teollisuus"
"742",26,1730.435567265,60,2,"Teollisuus"
"743",24,1889.242778316,80,2,"Teollisuus"
"744",15,1800.88027702,100,2,"Teollisuus"
"745",8,1268.5,120,2,"Teollisuus"
"746",NA,NA,140,2,"Teollisuus"
"747",NA,NA,160,2,"Teollisuus"
"748",11818,97185.7388687023,0,0,"Teollisuus"
"749",120,16136.3,100,0,"Teollisuus"
"750",42,10200.8,200,0,"Teollisuus"
"751",6,1985.3,300,0,"Teollisuus"
"752",7,3130.9,400,0,"Teollisuus"
"753",NA,NA,500,0,"Teollisuus"
"754",NA,NA,600,0,"Teollisuus"
"755",NA,NA,700,0,"Teollisuus"
"756",NA,NA,800,0,"Teollisuus"
"757",6360,77531.3737662383,0,9,"Teollisuus"
"758",225,32102.2,100,9,"Teollisuus"
"759",69,16421.9708617,200,9,"Teollisuus"
"760",23,8049.21,300,9,"Teollisuus"
"761",11,4887,400,9,"Teollisuus"
"762",NA,NA,500,9,"Teollisuus"
"763",NA,NA,600,9,"Teollisuus"
"764",NA,NA,700,9,"Teollisuus"
"765",NA,NA,800,9,"Teollisuus"
"766",NA,NA,900,9,"Teollisuus"
"767",NA,NA,1000,9,"Teollisuus"
"768",NA,NA,1100,9,"Teollisuus"
"769",17022,181688.474231517,0,1,"Teollisuus"
"770",292,40255.91761533,100,1,"Teollisuus"
"771",56,13191.8,200,1,"Teollisuus"
"772",25,8474,300,1,"Teollisuus"
"773",18,8743.7,400,1,"Teollisuus"
"774",13,7007,500,1,"Teollisuus"
"775",6,3842,600,1,"Teollisuus"
"776",NA,NA,700,1,"Teollisuus"
"777",NA,NA,800,1,"Teollisuus"
"778",NA,NA,900,1,"Teollisuus"
"779",NA,NA,1000,1,"Teollisuus"
